<?xml version="1.0" encoding="UTF-8"?>
<config xmlns="http://www.knime.org/2008/09/XMLConfig" xmlns:xsi="http://www.w3.org/2001/XMLSchema-instance" xsi:schemaLocation="http://www.knime.org/2008/09/XMLConfig http://www.knime.org/XMLConfig_2008_09.xsd" key="MiningSchema">
<config key="learning">
<entry key="array-size" type="xint" value="123"/>
<entry key="0" type="xstring" value="capBell"/>
<entry key="1" type="xstring" value="capConical"/>
<entry key="2" type="xstring" value="capConvex"/>
<entry key="3" type="xstring" value="capFlat"/>
<entry key="4" type="xstring" value="capKnobbed"/>
<entry key="5" type="xstring" value="capSunken"/>
<entry key="6" type="xstring" value="capFibrous"/>
<entry key="7" type="xstring" value="capGrooves"/>
<entry key="8" type="xstring" value="capScaly"/>
<entry key="9" type="xstring" value="capSmooth"/>
<entry key="10" type="xstring" value="capBrown"/>
<entry key="11" type="xstring" value="capBuff"/>
<entry key="12" type="xstring" value="capCinnamon"/>
<entry key="13" type="xstring" value="capGray"/>
<entry key="14" type="xstring" value="capGreen"/>
<entry key="15" type="xstring" value="cappink"/>
<entry key="16" type="xstring" value="capPurple"/>
<entry key="17" type="xstring" value="capRed"/>
<entry key="18" type="xstring" value="capWhite"/>
<entry key="19" type="xstring" value="capYellow"/>
<entry key="20" type="xstring" value="IsBruisable"/>
<entry key="21" type="xstring" value="odorAlmond"/>
<entry key="22" type="xstring" value="odorAnise"/>
<entry key="23" type="xstring" value="odorCreosote"/>
<entry key="24" type="xstring" value="odorFishy"/>
<entry key="25" type="xstring" value="odorFoul"/>
<entry key="26" type="xstring" value="odorMusty"/>
<entry key="27" type="xstring" value="odorNone"/>
<entry key="28" type="xstring" value="odorPungent"/>
<entry key="29" type="xstring" value="odorSpicy"/>
<entry key="30" type="xstring" value="gillAttached"/>
<entry key="31" type="xstring" value="gillDescending"/>
<entry key="32" type="xstring" value="gillFree"/>
<entry key="33" type="xstring" value="gillNotched"/>
<entry key="34" type="xstring" value="gillClose"/>
<entry key="35" type="xstring" value="gillCrowded"/>
<entry key="36" type="xstring" value="gillDistant"/>
<entry key="37" type="xstring" value="isGillBroad"/>
<entry key="38" type="xstring" value="gillBlack"/>
<entry key="39" type="xstring" value="gillBrown"/>
<entry key="40" type="xstring" value="gillBuff"/>
<entry key="41" type="xstring" value="gillChocolate"/>
<entry key="42" type="xstring" value="gillGray"/>
<entry key="43" type="xstring" value="gillGreen"/>
<entry key="44" type="xstring" value="gillOrange"/>
<entry key="45" type="xstring" value="gillPink"/>
<entry key="46" type="xstring" value="gillPurple"/>
<entry key="47" type="xstring" value="gillRed"/>
<entry key="48" type="xstring" value="gillWhite"/>
<entry key="49" type="xstring" value="gillYellow"/>
<entry key="50" type="xstring" value="stalkEnlarge"/>
<entry key="51" type="xstring" value="stalkTaper"/>
<entry key="52" type="xstring" value="stalkBulbous"/>
<entry key="53" type="xstring" value="stalkClub"/>
<entry key="54" type="xstring" value="stalkCup"/>
<entry key="55" type="xstring" value="stalkEqual"/>
<entry key="56" type="xstring" value="stalkRhizo"/>
<entry key="57" type="xstring" value="stalkroot"/>
<entry key="58" type="xstring" value="stalkMissing"/>
<entry key="59" type="xstring" value="aboveFibrous"/>
<entry key="60" type="xstring" value="aboveScaly"/>
<entry key="61" type="xstring" value="aboveSilky"/>
<entry key="62" type="xstring" value="aboveSmooth"/>
<entry key="63" type="xstring" value="belowFibrous"/>
<entry key="64" type="xstring" value="belowScaly"/>
<entry key="65" type="xstring" value="belowSilky"/>
<entry key="66" type="xstring" value="belowSmooth"/>
<entry key="67" type="xstring" value="aboveBrown"/>
<entry key="68" type="xstring" value="aboveBuff"/>
<entry key="69" type="xstring" value="aboveCinnamon"/>
<entry key="70" type="xstring" value="aboveGray"/>
<entry key="71" type="xstring" value="aboveOrange"/>
<entry key="72" type="xstring" value="abovePink"/>
<entry key="73" type="xstring" value="aboveRed"/>
<entry key="74" type="xstring" value="aboveWhite"/>
<entry key="75" type="xstring" value="aboveYellow"/>
<entry key="76" type="xstring" value="belowBrown"/>
<entry key="77" type="xstring" value="belowBuff"/>
<entry key="78" type="xstring" value="belowCinnamon"/>
<entry key="79" type="xstring" value="belowGray"/>
<entry key="80" type="xstring" value="belowOrange"/>
<entry key="81" type="xstring" value="belowPink"/>
<entry key="82" type="xstring" value="belowRed"/>
<entry key="83" type="xstring" value="belowWhite"/>
<entry key="84" type="xstring" value="belowYellow"/>
<entry key="85" type="xstring" value="isVeilPartial"/>
<entry key="86" type="xstring" value="veilBrown"/>
<entry key="87" type="xstring" value="veilOrange"/>
<entry key="88" type="xstring" value="veilWhite"/>
<entry key="89" type="xstring" value="veilYellow"/>
<entry key="90" type="xstring" value="ringZero"/>
<entry key="91" type="xstring" value="ringOne"/>
<entry key="92" type="xstring" value="ringTwo"/>
<entry key="93" type="xstring" value="ringCobweb"/>
<entry key="94" type="xstring" value="ringEvan"/>
<entry key="95" type="xstring" value="ringFlaring"/>
<entry key="96" type="xstring" value="ringLarge"/>
<entry key="97" type="xstring" value="ringNone"/>
<entry key="98" type="xstring" value="ringPendant"/>
<entry key="99" type="xstring" value="ringSheath"/>
<entry key="100" type="xstring" value="ringZone"/>
<entry key="101" type="xstring" value="sporeBlack"/>
<entry key="102" type="xstring" value="sporeBrown"/>
<entry key="103" type="xstring" value="sporeBuff"/>
<entry key="104" type="xstring" value="sporeChocolate"/>
<entry key="105" type="xstring" value="sporeGreen"/>
<entry key="106" type="xstring" value="sporeOrange"/>
<entry key="107" type="xstring" value="sporePurple"/>
<entry key="108" type="xstring" value="sporeWhite"/>
<entry key="109" type="xstring" value="sporeYellow"/>
<entry key="110" type="xstring" value="abundant"/>
<entry key="111" type="xstring" value="clustered"/>
<entry key="112" type="xstring" value="numerous"/>
<entry key="113" type="xstring" value="scattered"/>
<entry key="114" type="xstring" value="several"/>
<entry key="115" type="xstring" value="solitary"/>
<entry key="116" type="xstring" value="grass"/>
<entry key="117" type="xstring" value="leaves"/>
<entry key="118" type="xstring" value="meadow"/>
<entry key="119" type="xstring" value="path"/>
<entry key="120" type="xstring" value="urban"/>
<entry key="121" type="xstring" value="waste"/>
<entry key="122" type="xstring" value="woods"/>
</config>
<config key="target">
<entry key="array-size" type="xint" value="1"/>
<entry key="0" type="xstring" value="IsEdible"/>
</config>
</config>
